,city_name,country,Latitude,Max Temperature,Humidity,Wind Speed (mph),Cloudiness %,Date
0,georgetown,sh,-7.93,77.0,65.0,18.34,75.0,2017-12-11
1,rikitea,pf,-23.12,72.2,100.0,13.22,92.0,2017-12-11
2,rio gallegos,ar,-51.62,55.4,71.0,8.05,75.0,2017-12-11
4,jamestown,sh,-20.22,69.8,56.0,11.41,20.0,2017-12-11
5,ushuaia,ar,-0.12,93.2,52.0,11.41,20.0,2017-12-11
7,hermanus,za,-34.42,63.25,59.0,8.63,24.0,2017-12-11
9,inhapim,br,-19.55,73.4,94.0,6.93,90.0,2017-12-11
11,cape town,za,-33.93,64.4,63.0,23.04,20.0,2017-12-11
17,treinta y tres,uy,-33.23,78.37,36.0,11.32,0.0,2017-12-11
20,cidreira,br,-11.75,78.24,75.0,5.82,56.0,2017-12-11
21,avarua,ck,-21.21,77.0,94.0,11.41,75.0,2017-12-11
22,chuy,uy,-33.7,69.86,72.0,15.01,0.0,2017-12-11
23,contamana,pe,-7.33,79.58,92.0,3.27,88.0,2017-12-11
25,atuona,pf,-9.8,79.27,100.0,12.44,32.0,2017-12-11
27,chapeco,br,-16.7,83.46,95.0,6.93,20.0,2017-12-11
28,ancud,cl,-41.87,71.66,76.0,2.37,20.0,2017-12-11
29,cordoba,ar,-31.41,84.2,28.0,8.05,0.0,2017-12-11
30,punta arenas,cl,-53.15,51.8,57.0,21.92,90.0,2017-12-11
32,constitucion,cl,-35.33,61.13,85.0,13.0,56.0,2017-12-11
33,lebu,cl,-37.62,59.15,87.0,16.24,36.0,2017-12-11
34,sao joao da barra,br,-21.64,86.0,58.0,6.93,0.0,2017-12-11
36,mar del plata,ar,-38.0,62.6,63.0,9.17,0.0,2017-12-11
37,vaini,to,-21.2,75.2,78.0,6.96,20.0,2017-12-11
41,urucara,br,-2.54,79.4,92.0,1.92,56.0,2017-12-11
43,puerto narino,co,-3.77,73.4,100.0,5.82,90.0,2017-12-11
44,castro,cl,-42.47,69.41,74.0,5.73,20.0,2017-12-11
47,laguna,br,-28.48,72.25,90.0,20.04,0.0,2017-12-11
51,caravelas,br,-17.71,81.16,93.0,10.98,92.0,2017-12-11
56,belmonte,br,-15.86,82.4,78.0,9.17,40.0,2017-12-11
60,san luis,ar,-33.3,93.04,25.0,5.17,24.0,2017-12-11
67,ariquemes,br,-9.91,73.15,99.0,2.93,92.0,2017-12-11
75,manaus,br,-3.1,80.6,88.0,5.82,75.0,2017-12-11
76,faanui,pf,-16.48,82.91,97.0,9.31,36.0,2017-12-11
78,arraial do cabo,br,-9.42,84.2,66.0,4.7,75.0,2017-12-11
86,santiago de cao,pe,-7.96,69.8,73.0,11.41,40.0,2017-12-11
87,vaitupu,wf,-21.27,75.2,73.0,10.29,75.0,2017-12-11
92,coihaique,cl,-45.58,77.0,33.0,11.41,0.0,2017-12-11
96,harper,lr,4.38,81.43,100.0,7.85,8.0,2017-12-11
97,punta alta,ar,-38.88,75.26,62.0,3.71,0.0,2017-12-11
107,puerto ayora,ec,-0.74,82.4,54.0,9.17,75.0,2017-12-11
115,saldanha,za,-33.01,62.6,63.0,21.92,32.0,2017-12-11
119,puerto maldonado,pe,-12.6,84.2,74.0,3.36,75.0,2017-12-11
120,itaituba,br,-4.28,89.6,62.0,2.82,75.0,2017-12-11
123,maragogi,br,-9.01,87.73,61.0,14.67,36.0,2017-12-11
124,huarmey,pe,-10.07,74.36,58.0,3.94,36.0,2017-12-11
134,uberlandia,br,-18.92,78.8,65.0,4.7,75.0,2017-12-11
142,maraa,br,-1.83,90.79,60.0,8.19,8.0,2017-12-11
144,pucara,pe,-15.98,66.2,25.0,13.87,0.0,2017-12-11
153,pauini,br,-7.71,74.18,100.0,6.73,92.0,2017-12-11
159,montes claros,br,-16.74,71.6,94.0,4.7,90.0,2017-12-11
182,viedma,ar,-40.81,86.96,29.0,13.33,0.0,2017-12-11
186,neuquen,ar,-19.39,80.08,88.0,3.69,88.0,2017-12-11
187,leticia,co,-4.22,73.4,100.0,5.82,90.0,2017-12-11
191,filadelfia,py,-22.35,96.01,42.0,8.41,36.0,2017-12-11
192,san ramon,bo,-13.28,87.8,70.0,4.7,75.0,2017-12-11
194,canutama,br,-6.53,86.92,76.0,3.15,64.0,2017-12-11
195,taltal,cl,-25.4,69.82,63.0,4.38,0.0,2017-12-11
198,abaete,br,-19.16,80.3,76.0,5.28,68.0,2017-12-11
205,tarauaca,br,-8.16,87.8,70.0,5.82,40.0,2017-12-11
213,porto da folha,br,-5.2,80.85,80.0,9.73,44.0,2017-12-11
220,cassilandia,br,-19.11,86.74,65.0,10.2,32.0,2017-12-11
222,guapimirim,br,-22.54,87.8,65.0,12.75,75.0,2017-12-11
225,paranaiba,br,-19.68,89.75,53.0,7.63,0.0,2017-12-11
227,tocopilla,cl,-22.09,65.23,82.0,5.17,0.0,2017-12-11
228,rafaela,ar,-31.25,81.79,38.0,7.63,0.0,2017-12-11
235,san juan,ar,-31.54,90.83,25.0,4.5,20.0,2017-12-11
236,paramonga,pe,-10.67,64.6,97.0,6.96,36.0,2017-12-11
251,minas novas,br,-17.22,71.08,100.0,5.95,92.0,2017-12-11
260,rawson,ar,-43.3,80.53,47.0,21.94,76.0,2017-12-11
271,tiarei,pf,-17.53,86.0,66.0,13.87,75.0,2017-12-11
287,bujaru,br,-1.2,83.05,74.0,12.08,36.0,2017-12-11
294,uaua,br,-9.84,88.9,46.0,6.17,68.0,2017-12-11
299,calbuco,cl,-41.77,68.0,64.0,8.05,75.0,2017-12-11
300,san cristobal,ec,-0.9,77.0,69.0,16.11,75.0,2017-12-11
319,alofi,nu,-19.06,73.4,100.0,1.12,12.0,2017-12-11
329,pisco,pe,-13.7,69.8,77.0,12.75,40.0,2017-12-11
330,manicore,br,-5.81,89.6,66.0,8.05,75.0,2017-12-11
334,iberia,pe,-11.35,79.63,87.0,2.93,80.0,2017-12-11
359,cuiaba,br,-15.6,86.0,62.0,5.82,75.0,2017-12-11
360,rio grande,br,-32.03,75.2,41.0,11.41,20.0,2017-12-11
368,tautira,pf,-17.73,86.0,66.0,13.87,75.0,2017-12-11
373,barcelos,br,-6.66,72.16,98.0,5.14,92.0,2017-12-11
378,pontes e lacerda,br,-15.23,80.44,98.0,4.61,20.0,2017-12-11
395,hualmay,pe,-11.1,73.15,64.0,4.94,0.0,2017-12-11
413,santarem,br,-2.44,93.2,52.0,5.82,20.0,2017-12-11
419,coquimbo,cl,-29.95,62.6,77.0,9.17,90.0,2017-12-11
429,general roca,ar,-39.03,89.6,27.0,18.34,0.0,2017-12-11
432,ixtapa,mx,20.7,84.2,26.0,6.93,90.0,2017-12-11
453,necochea,ar,-38.55,70.76,77.0,4.61,0.0,2017-12-11
459,alta floresta,br,-9.88,84.2,74.0,2.24,75.0,2017-12-11
474,villa maria,ar,-32.41,80.48,49.0,7.74,8.0,2017-12-11
479,coracao de jesus,br,-16.69,71.6,94.0,4.7,90.0,2017-12-11
482,urubicha,bo,-15.38,88.58,65.0,3.83,12.0,2017-12-11
497,pimentel,pe,-6.84,75.2,64.0,19.46,0.0,2017-12-11
499,aripuana,br,-9.17,75.31,100.0,2.93,100.0,2017-12-11
500,doka,sd,13.52,79.58,20.0,10.42,0.0,2017-12-11
502,bilma,ne,18.69,58.66,40.0,3.6,20.0,2017-12-11
503,mecca,sa,59.43,8.49,89.0,2.57,64.0,2017-12-11
505,evensk,ru,61.95,2.86,100.0,8.86,48.0,2017-12-11
506,almaznyy,ru,48.04,35.71,92.0,11.54,92.0,2017-12-11
507,orlik,ru,60.4,37.4,99.0,1.12,20.0,2017-12-11
509,dikson,ru,73.51,3.98,100.0,16.46,44.0,2017-12-11
511,butaritari,ki,57.31,14.43,90.0,2.68,88.0,2017-12-11
513,pastavy,by,7.11,77.38,68.0,2.13,8.0,2017-12-11
514,sarangani,ph,21.12,60.46,90.0,1.01,0.0,2017-12-11
515,chagda,ru,33.77,39.2,48.0,17.22,75.0,2017-12-11
518,kysyl-syr,ru,63.9,-35.85,0.0,3.27,32.0,2017-12-11
519,fiche,et,9.8,43.09,45.0,4.83,0.0,2017-12-11
520,ouesso,cg,50.23,-14.2,60.0,3.13,8.0,2017-12-11
521,islamkot,pk,24.7,59.47,77.0,5.39,0.0,2017-12-11
522,pevek,ru,69.7,-3.94,93.0,17.58,56.0,2017-12-11
524,severo-kurilsk,ru,2.04,80.35,98.0,23.94,8.0,2017-12-11
526,airai,pw,26.56,64.4,63.0,21.03,0.0,2017-12-11
527,hithadhoo,mv,-0.6,81.2,100.0,3.15,80.0,2017-12-11
529,cherskiy,ru,68.75,-10.15,72.0,4.16,36.0,2017-12-11
531,khasan,ru,18.67,60.46,100.0,5.59,88.0,2017-12-11
532,guilin,cn,25.28,53.6,76.0,2.82,90.0,2017-12-11
535,saskylakh,ru,62.59,29.41,91.0,14.65,88.0,2017-12-11
536,oksfjord,no,8.46,49.75,72.0,2.46,0.0,2017-12-11
539,banda aceh,id,60.47,-16.27,72.0,3.13,12.0,2017-12-11
540,vardo,no,6.37,82.4,58.0,4.7,20.0,2017-12-11
541,sinop,tr,41.77,45.34,88.0,5.06,0.0,2017-12-11
542,yeniseysk,ru,58.45,0.61,63.0,3.38,68.0,2017-12-11
543,doha,kw,68.12,37.4,80.0,4.7,75.0,2017-12-11
544,katsuura,jp,35.13,42.8,33.0,17.22,0.0,2017-12-11
545,druzhba,ua,12.08,77.0,27.0,3.36,0.0,2017-12-11
546,melito di porto salvo,it,37.92,60.8,67.0,14.99,20.0,2017-12-11
547,arman,ru,21.64,65.46,84.0,10.18,0.0,2017-12-11
548,hirara,jp,24.8,68.78,100.0,20.71,20.0,2017-12-11
549,carlagan,ph,14.97,75.98,100.0,24.18,92.0,2017-12-11
550,zavodoukovsk,ru,6.12,78.15,100.0,2.46,88.0,2017-12-11
551,adrar,dz,27.87,59.0,28.0,11.41,0.0,2017-12-11
553,tazovskiy,ru,13.76,64.06,35.0,8.61,0.0,2017-12-11
554,zilupe,lv,46.37,39.2,93.0,10.29,75.0,2017-12-11
555,baruun-urt,mn,65.83,26.13,93.0,2.35,92.0,2017-12-11
557,sur,om,22.57,70.9,100.0,7.18,0.0,2017-12-11
558,khatanga,ru,71.97,-31.21,53.0,5.14,20.0,2017-12-11
559,dicabisagan,ph,40.13,-3.22,76.0,5.7,0.0,2017-12-11
560,barentu,er,15.11,56.68,57.0,3.91,0.0,2017-12-11
561,port blair,in,51.36,14.56,89.0,7.83,68.0,2017-12-11
562,veraval,in,30.65,50.0,57.0,9.17,0.0,2017-12-11
565,san isidro,ph,15.02,78.8,83.0,6.93,75.0,2017-12-11
568,sfantu gheorghe,ro,44.65,35.6,86.0,6.93,0.0,2017-12-11
569,vlakhokerasea,gr,9.01,72.84,39.0,7.16,0.0,2017-12-11
570,hohhot,cn,40.81,8.6,55.0,4.47,0.0,2017-12-11
571,rungata,ki,22.69,43.5,90.0,1.57,0.0,2017-12-11
572,piploda,in,23.35,58.48,95.0,6.49,8.0,2017-12-11
574,katangli,ru,61.05,23.7,89.0,13.76,80.0,2017-12-11
577,nikolskoye,ru,62.63,28.4,100.0,4.7,75.0,2017-12-11
578,moussoro,td,13.64,72.48,28.0,10.29,0.0,2017-12-11
581,ulaanbaatar,mn,47.91,-9.41,69.0,4.14,40.0,2017-12-11
582,mehamn,no,53.43,39.2,93.0,13.87,20.0,2017-12-11
583,yar-sale,ru,24.14,73.06,93.0,9.4,0.0,2017-12-11
584,tessalit,ml,20.2,54.75,37.0,6.6,76.0,2017-12-11
585,jumla,np,33.34,46.4,49.0,8.05,0.0,2017-12-11
586,chokurdakh,ru,70.63,-20.0,60.0,3.58,36.0,2017-12-11
588,sakaiminato,jp,5.67,81.57,100.0,5.7,56.0,2017-12-11
589,nikologory,ru,56.14,30.81,95.0,8.16,76.0,2017-12-11
590,bandarbeyla,so,9.49,76.8,100.0,24.27,24.0,2017-12-11
591,tiksi,ru,71.69,-41.15,0.0,2.91,0.0,2017-12-11
592,suluq,ly,31.67,46.78,80.0,8.5,0.0,2017-12-11
593,livny,ru,52.43,31.3,95.0,10.63,76.0,2017-12-11
594,wanning,cn,18.8,70.32,100.0,10.96,68.0,2017-12-11
597,aykhal,ru,66.0,-27.29,40.0,6.6,76.0,2017-12-11
598,okha,ru,53.57,25.0,92.0,3.36,88.0,2017-12-11
599,nizhneyansk,ru,26.48,57.0,95.0,3.69,12.0,2017-12-11
600,bannu,pk,23.2,60.51,93.0,4.36,12.0,2017-12-11
601,naze,jp,28.37,62.35,100.0,15.99,92.0,2017-12-11
602,fershampenuaz,ru,23.23,54.43,75.0,2.8,88.0,2017-12-11
603,lesnoye,ru,58.28,30.72,99.0,10.96,92.0,2017-12-11
604,gambela,et,8.25,60.42,78.0,1.68,0.0,2017-12-11
605,urkarakh,ru,60.57,28.4,86.0,8.05,75.0,2017-12-11
606,sabang,id,5.89,81.12,100.0,4.36,44.0,2017-12-11
607,dahuk,iq,24.51,59.0,47.0,13.42,0.0,2017-12-11
608,pokaran,in,26.92,53.67,99.0,6.04,44.0,2017-12-11
609,kashi,cn,8.35,77.43,100.0,4.03,12.0,2017-12-11
611,klimovsk,ru,4.95,79.63,86.0,5.7,48.0,2017-12-11
613,bestobe,kz,52.5,16.45,88.0,7.05,76.0,2017-12-11
619,kavaratti,in,10.57,80.94,100.0,3.13,48.0,2017-12-11
620,tignere,cm,7.37,65.05,51.0,5.48,0.0,2017-12-11
621,talnakh,ru,69.49,1.15,91.0,4.7,80.0,2017-12-11
622,kavieng,pg,-2.57,81.48,100.0,11.74,76.0,2017-12-11
623,bontang,id,62.92,30.2,92.0,6.93,90.0,2017-12-11
624,salalah,om,61.28,-19.82,85.0,6.15,76.0,2017-12-11
625,coulommiers,fr,48.81,39.2,95.0,17.22,90.0,2017-12-11
627,marsa matruh,eg,31.35,62.6,77.0,13.87,20.0,2017-12-11
628,arlit,ne,18.74,51.73,44.0,2.91,8.0,2017-12-11
629,aksarka,ru,66.56,1.11,83.0,11.63,80.0,2017-12-11
630,zalesovo,ru,53.99,10.92,78.0,1.79,76.0,2017-12-11
631,gorontalo,id,50.94,33.8,86.0,8.95,88.0,2017-12-11
632,muli,mv,40.56,64.4,59.0,27.51,0.0,2017-12-11
633,asnaes,dk,55.81,32.0,100.0,4.7,92.0,2017-12-11
634,tasbuget,kz,57.11,5.43,84.0,6.82,80.0,2017-12-11
635,dongsheng,cn,32.69,52.36,100.0,26.17,48.0,2017-12-11
644,pyapon,mm,16.28,73.96,100.0,4.47,8.0,2017-12-11
646,chingirlau,kz,61.48,-39.4,0.0,3.13,12.0,2017-12-11
647,nyurba,ru,63.28,-28.78,47.0,4.92,44.0,2017-12-11
648,bossembele,cf,49.18,-8.3,63.0,12.97,8.0,2017-12-11
651,riyadh,sa,24.69,51.8,15.0,2.68,0.0,2017-12-11
652,belozerskoye,ru,10.31,79.36,100.0,4.59,36.0,2017-12-11
654,berlevag,no,52.09,42.8,87.0,11.41,0.0,2017-12-11
655,bahir dar,et,6.3,83.95,100.0,5.48,0.0,2017-12-11
658,taloqan,af,56.11,15.87,90.0,4.92,88.0,2017-12-11
659,hasaki,jp,35.73,41.0,59.0,2.24,20.0,2017-12-11
662,hami,cn,42.8,8.67,68.0,3.36,0.0,2017-12-11
665,asyut,eg,27.18,62.6,45.0,4.7,0.0,2017-12-11
666,belaya gora,ru,68.53,-27.47,44.0,2.35,56.0,2017-12-11
667,haimen,cn,23.19,60.8,67.0,2.24,100.0,2017-12-11
668,dawei,mm,14.08,75.13,93.0,2.35,56.0,2017-12-11
669,lyubytino,ru,58.81,28.33,97.0,9.51,80.0,2017-12-11
670,zhangye,cn,56.29,14.65,90.0,3.36,88.0,2017-12-11
671,lorengau,pg,-2.02,82.11,100.0,13.42,56.0,2017-12-11
675,vostok,ru,43.32,37.33,100.0,28.52,80.0,2017-12-11
676,alanya,tr,36.54,55.02,100.0,0.89,32.0,2017-12-11
677,makat,kz,24.41,50.52,66.0,3.36,76.0,2017-12-11
678,ust-nera,ru,29.13,38.95,76.0,3.91,0.0,2017-12-11
679,znamenskoye,ru,57.13,10.51,74.0,2.91,64.0,2017-12-11
681,tanout,ne,14.97,62.98,32.0,8.95,12.0,2017-12-11
682,amderma,ru,70.63,32.0,100.0,20.8,75.0,2017-12-11
683,mogzon,ru,51.74,-29.99,44.0,2.68,0.0,2017-12-11
684,malakal,sd,41.76,14.38,74.0,2.35,68.0,2017-12-11
685,koslan,ru,23.57,58.26,78.0,3.36,0.0,2017-12-11
686,jonkoping,se,65.11,8.31,74.0,8.39,44.0,2017-12-11
688,baykit,ru,61.67,-11.99,74.0,3.69,80.0,2017-12-11
690,altay,cn,47.87,10.06,82.0,1.57,76.0,2017-12-11
692,gat,ly,28.65,46.92,92.0,2.91,0.0,2017-12-11
694,lisakovsk,kz,52.54,7.77,83.0,5.14,80.0,2017-12-11
696,roald,no,22.83,52.14,100.0,1.79,92.0,2017-12-11
698,berdigestyakh,ru,62.1,-39.22,83.0,2.68,12.0,2017-12-11
699,sebinkarahisar,tr,40.29,11.41,65.0,1.57,20.0,2017-12-11
701,malwan,in,6.38,74.28,37.0,3.69,32.0,2017-12-11
704,umm lajj,sa,25.02,66.85,91.0,7.72,0.0,2017-12-11
706,sainte-maxime,fr,43.3,57.2,87.0,16.11,40.0,2017-12-11
707,tura,ru,64.28,-18.7,78.0,2.68,76.0,2017-12-11
708,songkhla,th,56.17,12.2,92.0,1.45,90.0,2017-12-11
710,ostrovnoy,ru,56.1,33.8,93.0,8.95,90.0,2017-12-11
715,aden,ye,12.78,78.28,100.0,13.2,0.0,2017-12-11
718,shiraz,ir,65.53,4.93,79.0,8.5,80.0,2017-12-11
721,marawi,sd,50.79,35.6,100.0,8.95,90.0,2017-12-11
723,olga,ru,5.38,75.81,99.0,2.35,12.0,2017-12-11
725,zavallya,ua,27.52,14.65,64.0,1.01,0.0,2017-12-11
728,haibowan,cn,64.9,24.87,79.0,7.61,88.0,2017-12-11
729,erdenet,mn,49.03,-4.48,81.0,2.91,76.0,2017-12-11
730,pathein,mm,16.78,71.08,92.0,3.13,0.0,2017-12-11
733,de-kastri,ru,36.64,28.33,70.0,2.35,20.0,2017-12-11
736,alapur,in,56.79,-37.33,71.0,2.35,12.0,2017-12-11
737,votkinsk,ru,57.05,-2.68,74.0,7.16,44.0,2017-12-11
738,beringovskiy,ru,63.05,5.83,100.0,27.74,12.0,2017-12-11
740,darhan,mn,51.73,35.6,80.0,8.95,40.0,2017-12-11
742,tura,in,25.52,59.7,92.0,1.9,0.0,2017-12-11
744,bagasara,in,26.72,44.31,91.0,7.05,80.0,2017-12-11
747,dusti,tj,37.35,25.81,83.0,2.57,36.0,2017-12-11
748,qeshm,ir,55.46,24.8,92.0,13.42,90.0,2017-12-11
751,petropavlovsk-kamchatskiy,ru,53.05,30.2,92.0,2.24,20.0,2017-12-11
752,pokhara,np,28.23,37.56,75.0,1.9,0.0,2017-12-11
753,kautokeino,no,69.01,24.73,88.0,8.61,76.0,2017-12-11
755,voloshka,ru,61.33,30.54,92.0,15.77,88.0,2017-12-11
756,srednekolymsk,ru,67.45,-21.4,64.0,2.57,44.0,2017-12-11
757,sungairaya,id,0.7,75.4,96.0,2.57,64.0,2017-12-11
759,maryanovka,ru,59.65,32.0,100.0,8.05,0.0,2017-12-11
760,bairiki,ki,28.28,57.76,99.0,5.26,92.0,2017-12-11
761,semey,kz,50.41,9.88,75.0,7.4,64.0,2017-12-11
762,buta,cd,2.79,77.61,72.0,3.47,36.0,2017-12-11
764,odweyne,so,42.98,28.29,94.0,7.27,8.0,2017-12-11
771,bayir,jo,40.22,19.4,28.0,6.71,0.0,2017-12-11
773,kovdor,ru,67.57,22.66,80.0,3.69,76.0,2017-12-11
777,akom,cm,19.8,71.6,94.0,2.24,0.0,2017-12-11
778,den helder,nl,52.96,41.0,93.0,20.8,90.0,2017-12-11
779,tezu,in,27.92,51.28,78.0,1.34,0.0,2017-12-11
781,zheleznodorozhnyy,ru,55.75,33.8,97.0,13.42,75.0,2017-12-11
784,kiruna,se,67.86,23.0,92.0,9.17,75.0,2017-12-11
786,kapit,my,2.02,73.38,99.0,2.01,92.0,2017-12-11
787,sundsvall,se,62.39,28.4,100.0,4.7,75.0,2017-12-11
788,saryozek,kz,44.36,-2.23,54.0,3.02,0.0,2017-12-11
789,nishihara,jp,62.13,-9.7,45.0,2.13,12.0,2017-12-11
791,bikaner,in,28.02,57.13,99.0,7.05,92.0,2017-12-11
792,shimoda,jp,34.67,47.37,100.0,32.77,0.0,2017-12-11
793,kathu,th,7.92,77.0,88.0,8.05,20.0,2017-12-11
795,kolkwitz,de,51.75,44.26,89.0,11.18,68.0,2017-12-11
797,buraydah,sa,21.12,65.5,95.0,9.62,0.0,2017-12-11
798,dudinka,ru,69.41,-1.6,82.0,7.49,76.0,2017-12-11
801,waddan,ly,45.9,50.0,57.0,14.99,0.0,2017-12-11
804,bayan,cn,31.81,40.75,100.0,12.19,48.0,2017-12-11
809,eisenerz,at,47.53,50.0,71.0,13.87,76.0,2017-12-11
811,abnub,eg,27.27,62.6,45.0,4.7,0.0,2017-12-11
813,misratah,ly,27.04,43.86,76.0,6.38,0.0,2017-12-11
815,vrangel,ru,40.22,53.8,91.0,8.72,36.0,2017-12-11
818,visnes,no,59.36,32.0,68.0,10.29,0.0,2017-12-11
819,jiexiu,cn,35.54,15.87,75.0,2.68,32.0,2017-12-11
826,kanth,in,29.07,57.27,90.0,3.13,92.0,2017-12-11
828,kathmandu,np,27.72,50.0,93.0,2.24,20.0,2017-12-11
829,kulhudhuffushi,mv,47.34,46.4,65.0,18.34,90.0,2017-12-11
833,ivdel,ru,7.71,75.63,100.0,3.47,88.0,2017-12-11
835,lulea,se,65.58,32.0,90.0,6.93,90.0,2017-12-11
836,verkhoyansk,ru,67.54,-57.67,0.0,2.57,8.0,2017-12-11
837,imeni stepana razina,ru,54.89,31.8,90.0,12.64,92.0,2017-12-11
839,kuybysheve,ua,51.79,45.12,95.0,18.23,92.0,2017-12-11
845,aksu,cn,56.4,28.06,95.0,4.92,92.0,2017-12-11
850,abakaliki,ng,23.91,49.44,75.0,2.57,76.0,2017-12-11
851,khandbari,np,27.37,31.75,73.0,1.45,20.0,2017-12-11
854,longyearbyen,sj,78.22,28.4,86.0,5.82,40.0,2017-12-11
858,iranshahr,ir,35.31,25.77,49.0,8.72,80.0,2017-12-11
859,mao,td,15.01,77.0,83.0,9.17,75.0,2017-12-11
860,uspenka,ru,56.8,13.98,87.0,5.14,80.0,2017-12-11
862,beisfjord,no,50.78,-26.08,36.0,6.38,0.0,2017-12-11
863,nogent-le-rotrou,fr,54.94,37.4,93.0,8.95,40.0,2017-12-11
864,kargat,ru,12.5,63.88,88.0,2.35,8.0,2017-12-11
866,duldurga,ru,50.68,-30.13,45.0,2.8,0.0,2017-12-11
877,novyy urgal,ru,17.49,50.0,18.0,1.23,0.0,2017-12-11
882,komsomolskiy,ru,14.47,63.7,87.0,3.36,0.0,2017-12-11
884,pundaguitan,ph,57.77,26.6,92.0,6.71,80.0,2017-12-11
890,linxia,cn,35.6,2.23,64.0,2.35,0.0,2017-12-11
891,vanimo,pg,-2.67,82.83,100.0,10.18,20.0,2017-12-11
892,bhadrapur,np,36.54,32.0,81.0,2.24,0.0,2017-12-11
894,awjilah,ly,29.11,52.77,86.0,8.16,0.0,2017-12-11
895,verkh-suetka,ru,53.3,4.21,62.0,2.91,36.0,2017-12-11
897,medvedka,ru,4.41,77.0,94.0,1.12,75.0,2017-12-11
898,panzhihua,cn,54.43,-32.47,52.0,2.46,0.0,2017-12-11
900,maralal,ke,1.1,56.41,79.0,5.03,0.0,2017-12-11
901,batangafo,cf,7.3,76.3,69.0,2.35,80.0,2017-12-11
902,dakoro,ne,47.48,36.57,94.0,22.26,76.0,2017-12-11
903,rafsanjan,ir,30.41,22.75,43.0,4.36,0.0,2017-12-11
905,abalak,ne,15.45,56.01,60.0,2.91,8.0,2017-12-11
906,sibolga,id,1.74,66.85,100.0,1.9,92.0,2017-12-11
909,norrtalje,se,47.38,-25.81,35.0,2.91,12.0,2017-12-11
910,sorland,no,60.34,-17.12,73.0,5.37,64.0,2017-12-11
911,imeni poliny osipenko,ru,52.42,-2.09,71.0,8.16,88.0,2017-12-11
912,zhigansk,ru,66.77,-35.44,68.0,5.59,32.0,2017-12-11
915,nizwa,om,63.76,-34.04,63.0,3.02,36.0,2017-12-11
916,ngaoundere,cm,7.32,65.28,53.0,7.16,12.0,2017-12-11
920,toktogul,kg,41.87,-2.41,74.0,1.68,0.0,2017-12-11
921,suez,eg,29.97,45.39,80.0,2.68,36.0,2017-12-11
923,gigmoto,ph,36.98,41.0,60.0,6.93,0.0,2017-12-11
925,mbandaka,cd,4.96,78.8,74.0,5.7,0.0,2017-12-11
927,yangjiang,cn,13.51,77.0,17.0,3.36,0.0,2017-12-11
930,daltenganj,in,24.03,55.65,82.0,2.68,0.0,2017-12-11
932,leningradskiy,ru,69.38,8.8,95.0,25.61,56.0,2017-12-11
934,sistranda,no,41.65,26.6,92.0,2.24,0.0,2017-12-11
935,bellary,in,52.98,-35.98,64.0,2.46,0.0,2017-12-11
936,filingue,ne,14.35,62.31,34.0,7.38,0.0,2017-12-11
939,zhuhai,cn,22.28,66.2,68.0,11.41,0.0,2017-12-11
941,ginda,er,28.17,54.16,79.0,2.13,0.0,2017-12-11
944,nadvoitsy,ru,9.28,73.29,100.0,2.68,88.0,2017-12-11
946,maku,ir,51.32,28.96,90.0,10.18,92.0,2017-12-11
947,hof,no,59.53,28.4,86.0,13.87,75.0,2017-12-11
951,jian,cn,27.12,38.05,78.0,3.13,48.0,2017-12-11
953,eskasem,af,50.37,-9.92,74.0,2.24,64.0,2017-12-11
959,gilgit,pk,53.88,11.73,82.0,5.14,76.0,2017-12-11
962,paldiski,ee,51.84,32.79,94.0,10.18,92.0,2017-12-11
965,aktau,kz,43.65,37.4,86.0,8.95,0.0,2017-12-11
966,ko samui,th,48.68,9.61,87.0,3.36,68.0,2017-12-11
967,baoding,cn,38.85,6.96,71.0,2.57,0.0,2017-12-11
969,singapore,sg,1.29,78.8,94.0,9.4,75.0,2017-12-11
970,sawakin,sd,30.06,48.58,95.0,3.36,0.0,2017-12-11
972,shahr-e babak,ir,30.12,25.59,56.0,2.24,0.0,2017-12-11
973,makarov,ru,48.63,28.33,100.0,22.7,92.0,2017-12-11
976,poltavka,ru,54.37,13.44,88.0,3.91,76.0,2017-12-11
977,mnogovershinnyy,ru,53.94,14.07,78.0,12.19,88.0,2017-12-11
978,venosa,it,40.96,44.6,65.0,12.41,0.0,2017-12-11
982,kvarkeno,ru,51.15,44.6,75.0,13.87,0.0,2017-12-11
983,cabra,ph,13.89,82.02,100.0,23.71,20.0,2017-12-11
984,gorno-altaysk,ru,5.18,81.48,100.0,3.47,68.0,2017-12-11
985,roros,no,62.57,15.8,92.0,2.24,44.0,2017-12-11
986,labytnangi,ru,52.03,35.6,100.0,5.82,0.0,2017-12-11
987,dumka,in,24.27,61.77,88.0,2.57,0.0,2017-12-11
991,manavalakurichi,in,8.13,80.6,88.0,3.36,40.0,2017-12-11
992,bolu,tr,40.67,22.03,83.0,2.13,0.0,2017-12-11
993,tahta,eg,26.77,62.6,45.0,4.7,0.0,2017-12-11
994,ust-tsilma,ru,65.44,11.05,72.0,6.82,8.0,2017-12-11
998,aflu,dz,43.3,19.74,81.0,3.13,8.0,2017-12-11
999,verkhniy lomov,ru,33.63,30.72,54.0,9.73,68.0,2017-12-11
4,iquique,cl,-20.22,69.8,56.0,11.41,20.0,2017-12-11
5,mazagao,br,-0.12,93.2,52.0,11.41,20.0,2017-12-11
6,conde,br,-7.26,84.2,66.0,9.17,20.0,2017-12-11
18,calama,cl,-22.47,77.0,5.0,32.21,0.0,2017-12-11
20,riachao das neves,br,-11.75,78.24,75.0,5.82,56.0,2017-12-11
24,illapel,cl,-31.63,63.61,83.0,3.47,80.0,2017-12-11
27,fare,pf,-16.7,83.46,95.0,6.93,20.0,2017-12-11
78,casa nova,br,-9.42,84.2,66.0,4.7,75.0,2017-12-11
79,aquiraz,br,-3.9,86.0,62.0,13.87,20.0,2017-12-11
87,rio pomba,br,-21.27,75.2,73.0,10.29,75.0,2017-12-11
100,olavarria,ar,-36.89,74.01,44.0,8.61,0.0,2017-12-11
102,lima,pe,-12.04,68.38,57.0,2.68,20.0,2017-12-11
104,mercedes,ar,-34.65,79.18,32.0,7.49,0.0,2017-12-11
125,medina,br,-16.22,73.65,84.0,8.05,88.0,2017-12-11
131,santa rosa,bo,-14.17,89.6,62.0,3.24,75.0,2017-12-11
150,rurrenabaque,bo,-14.44,89.6,70.0,2.68,75.0,2017-12-11
164,san carlos de bariloche,ar,-41.15,82.4,21.0,27.51,0.0,2017-12-11
168,rocha,uy,-34.48,69.87,40.0,10.29,0.0,2017-12-11
176,camana,pe,-16.62,65.64,100.0,7.16,0.0,2017-12-11
179,ilhabela,br,-23.78,74.1,100.0,7.94,36.0,2017-12-11
185,santa ines,br,-3.67,84.85,64.0,5.14,48.0,2017-12-11
186,linhares,br,-19.39,80.08,88.0,3.69,88.0,2017-12-11
190,cabedelo,br,-6.98,84.2,66.0,9.17,20.0,2017-12-11
204,el alto,pe,-4.27,80.6,57.0,17.22,0.0,2017-12-11
207,natal,br,-5.79,84.2,70.0,10.29,20.0,2017-12-11
213,touros,br,-5.2,80.85,80.0,9.73,44.0,2017-12-11
224,talara,pe,-4.58,80.6,57.0,17.22,0.0,2017-12-11
229,arica,cl,-18.48,73.4,56.0,10.29,0.0,2017-12-11
239,vila velha,br,-20.33,82.4,88.0,4.7,75.0,2017-12-11
260,tome-acu,br,-43.3,80.53,47.0,21.94,76.0,2017-12-11
261,porto belo,br,-27.16,77.0,65.0,20.8,20.0,2017-12-11
275,santa branca,br,-23.4,82.4,69.0,19.46,40.0,2017-12-11
276,tevaitoa,pf,-16.78,83.46,95.0,6.93,20.0,2017-12-11
287,carutapera,br,-1.2,83.05,74.0,12.08,36.0,2017-12-11
290,barra,br,-11.09,79.81,81.0,2.68,68.0,2017-12-11
294,halalo,wf,-9.84,88.9,46.0,6.17,68.0,2017-12-11
301,pitimbu,br,-7.47,84.2,66.0,9.17,20.0,2017-12-11
335,olinda,br,-8.01,82.4,74.0,10.29,0.0,2017-12-11
340,lincoln,ar,-34.87,78.46,34.0,8.39,0.0,2017-12-11
343,maceio,br,-9.67,86.0,62.0,19.46,0.0,2017-12-11
345,riberalta,bo,-10.98,84.2,74.0,6.93,75.0,2017-12-11
357,diego de almagro,cl,-26.37,72.93,48.0,4.36,0.0,2017-12-11
372,inhumas,br,-16.36,77.0,65.0,10.29,40.0,2017-12-11
373,eirunepe,br,-6.66,72.16,98.0,5.14,92.0,2017-12-11
383,tefe,br,-3.35,77.0,94.0,4.7,75.0,2017-12-11
386,axim,gh,4.87,82.15,100.0,7.38,12.0,2017-12-11
396,vallenar,cl,-28.57,70.59,72.0,3.02,12.0,2017-12-11
416,rio tercero,ar,-32.17,77.79,46.0,11.18,12.0,2017-12-11
444,joao pinheiro,br,-17.74,76.03,81.0,6.6,88.0,2017-12-11
465,tupiza,bo,-21.45,47.41,90.0,1.34,92.0,2017-12-11
494,pacasmayo,pe,-7.4,63.84,92.0,14.99,12.0,2017-12-11
502,karaul,ru,18.69,58.66,40.0,3.6,20.0,2017-12-11
503,gari,ru,59.43,8.49,89.0,2.57,64.0,2017-12-11
507,brae,gb,60.4,37.4,99.0,1.12,20.0,2017-12-11
511,teguldet,ru,57.31,14.43,90.0,2.68,88.0,2017-12-11
513,idah,ng,7.11,77.38,68.0,2.13,8.0,2017-12-11
514,bardoli,in,21.12,60.46,90.0,1.01,0.0,2017-12-11
515,fukuma,jp,33.77,39.2,48.0,17.22,75.0,2017-12-11
517,namatanai,pg,-3.67,79.86,100.0,8.16,92.0,2017-12-11
520,suhbaatar,mn,50.23,-14.2,60.0,3.13,8.0,2017-12-11
524,mogadishu,so,2.04,80.35,98.0,23.94,8.0,2017-12-11
526,bandar-e lengeh,ir,26.56,64.4,63.0,21.03,0.0,2017-12-11
530,nichinan,jp,31.6,42.8,60.0,3.36,75.0,2017-12-11
531,vinh,vn,18.67,60.46,100.0,5.59,88.0,2017-12-11
534,zhigalovo,ru,54.81,-34.22,58.0,2.13,0.0,2017-12-11
535,puksoozero,ru,62.59,29.41,91.0,14.65,88.0,2017-12-11
536,bedele,et,8.46,49.75,72.0,2.46,0.0,2017-12-11
537,karpogory,ru,64.0,26.04,82.0,7.61,88.0,2017-12-11
539,tilichiki,ru,60.47,-16.27,72.0,3.13,12.0,2017-12-11
540,cotonou,bj,6.37,82.4,58.0,4.7,20.0,2017-12-11
543,gravdal,no,68.12,37.4,80.0,4.7,75.0,2017-12-11
545,kousseri,cm,12.08,77.0,27.0,3.36,0.0,2017-12-11
547,porbandar,in,21.64,65.46,84.0,10.18,0.0,2017-12-11
550,hambantota,lk,6.12,78.15,100.0,2.46,88.0,2017-12-11
553,tessaoua,ne,13.76,64.06,35.0,8.61,0.0,2017-12-11
554,thonon-les-bains,fr,46.37,39.2,93.0,10.29,75.0,2017-12-11
555,pyaozerskiy,ru,65.83,26.13,93.0,2.35,92.0,2017-12-11
556,nagato,jp,34.38,37.4,55.0,18.34,75.0,2017-12-11
558,phan rang,vn,71.97,-31.21,53.0,5.14,20.0,2017-12-11
559,dandong,cn,40.13,-3.22,76.0,5.7,0.0,2017-12-11
561,uglovskoye,ru,51.36,14.56,89.0,7.83,68.0,2017-12-11
562,shadegan,ir,30.65,50.0,57.0,9.17,0.0,2017-12-11
566,ola,ru,59.58,10.4,85.0,2.24,90.0,2017-12-11
567,ust-maya,ru,60.42,-45.61,0.0,3.91,48.0,2017-12-11
569,bassila,bj,9.01,72.84,39.0,7.16,0.0,2017-12-11
571,ibra,om,22.69,43.5,90.0,1.57,0.0,2017-12-11
572,luang prabang,la,23.35,58.48,95.0,6.49,8.0,2017-12-11
574,ileza,ru,61.05,23.7,89.0,13.76,80.0,2017-12-11
575,irbit,ru,57.67,9.57,84.0,3.13,80.0,2017-12-11
577,harnosand,se,62.63,28.4,100.0,4.7,75.0,2017-12-11
579,andenes,no,69.31,28.4,74.0,13.87,0.0,2017-12-11
582,szczecin,pl,53.43,39.2,93.0,13.87,20.0,2017-12-11
583,keti bandar,pk,24.14,73.06,93.0,9.4,0.0,2017-12-11
585,baghdad,iq,33.34,46.4,49.0,8.05,0.0,2017-12-11
588,ugoofaaru,mv,5.67,81.57,100.0,5.7,56.0,2017-12-11
593,aktas,kz,52.43,31.3,95.0,10.63,76.0,2017-12-11
595,jiblah,ye,13.92,33.33,84.0,1.57,0.0,2017-12-11
599,gangapur,in,26.48,57.0,95.0,3.69,12.0,2017-12-11
600,kushalgarh,in,23.2,60.51,93.0,4.36,12.0,2017-12-11
602,jinji,cn,23.23,54.43,75.0,2.8,88.0,2017-12-11
603,tanjung morawa,id,58.28,30.72,99.0,10.96,92.0,2017-12-11
605,hamina,fi,60.57,28.4,86.0,8.05,75.0,2017-12-11
606,shaoyang,cn,5.89,81.12,100.0,4.36,44.0,2017-12-11
607,zhangzhou,cn,24.51,59.0,47.0,13.42,0.0,2017-12-11
609,pak phanang,th,8.35,77.43,100.0,4.03,12.0,2017-12-11
611,calabar,ng,4.95,79.63,86.0,5.7,48.0,2017-12-11
612,neyshabur,ir,36.21,17.4,64.0,2.35,0.0,2017-12-11
613,waw,sd,52.5,16.45,88.0,7.05,76.0,2017-12-11
615,sinegorye,ru,62.08,-19.33,76.0,2.13,68.0,2017-12-11
617,bilibino,ru,68.05,-16.09,69.0,2.46,56.0,2017-12-11
623,lapua,fi,62.92,30.2,92.0,6.93,90.0,2017-12-11
624,yerbogachen,ru,61.28,-19.82,85.0,6.15,76.0,2017-12-11
631,ivankiv,ua,50.94,33.8,86.0,8.95,88.0,2017-12-11
632,alghero,it,40.56,64.4,59.0,27.51,0.0,2017-12-11
634,syumsi,ru,57.11,5.43,84.0,6.82,80.0,2017-12-11
635,fukue,jp,32.69,52.36,100.0,26.17,48.0,2017-12-11
638,ayan,ru,56.45,-15.05,100.0,15.43,88.0,2017-12-11
642,krasnovka,ru,48.82,38.19,92.0,11.52,80.0,2017-12-11
646,pokrovsk,ru,61.48,-39.4,0.0,3.13,12.0,2017-12-11
647,rairangpur,in,63.28,-28.78,47.0,4.92,44.0,2017-12-11
648,nenjiang,cn,49.18,-8.3,63.0,12.97,8.0,2017-12-11
652,caruray,ph,10.31,79.36,100.0,4.59,36.0,2017-12-11
654,koscian,pl,52.09,42.8,87.0,11.41,0.0,2017-12-11
655,simbahan,ph,6.3,83.95,100.0,5.48,0.0,2017-12-11
656,kloulklubed,pw,7.04,82.4,83.0,11.41,75.0,2017-12-11
657,hovd,mn,48.01,-11.09,62.0,0.78,20.0,2017-12-11
658,ishim,ru,56.11,15.87,90.0,4.92,88.0,2017-12-11
660,itoman,jp,26.12,62.6,55.0,12.75,75.0,2017-12-11
661,vilnius,lt,54.69,33.8,97.0,13.87,75.0,2017-12-11
670,abatskoye,ru,56.29,14.65,90.0,3.36,88.0,2017-12-11
672,cam ranh,vn,11.92,71.98,100.0,9.95,64.0,2017-12-11
674,kayan,mm,16.91,75.0,97.0,7.16,0.0,2017-12-11
675,nemuro,jp,43.32,37.33,100.0,28.52,80.0,2017-12-11
677,luorong,cn,24.41,50.52,66.0,3.36,76.0,2017-12-11
678,hun,ly,29.13,38.95,76.0,3.91,0.0,2017-12-11
682,batsfjord,no,70.63,32.0,100.0,20.8,75.0,2017-12-11
684,korla,cn,41.76,14.38,74.0,2.35,68.0,2017-12-11
685,rapar,in,23.57,58.26,78.0,3.36,0.0,2017-12-11
686,kozhva,ru,65.11,8.31,74.0,8.39,44.0,2017-12-11
688,kapoeta,sd,61.67,-11.99,74.0,3.69,80.0,2017-12-11
689,gushikawa,jp,26.35,62.6,67.0,4.7,40.0,2017-12-11
691,kashary,ru,49.04,35.35,93.0,11.97,92.0,2017-12-11
692,khanpur,pk,28.65,46.92,92.0,2.91,0.0,2017-12-11
695,jiaozuo,cn,35.24,23.52,58.0,3.36,92.0,2017-12-11
696,ha giang,vn,22.83,52.14,100.0,1.79,92.0,2017-12-11
700,dubai,ae,25.26,73.4,60.0,8.05,20.0,2017-12-11
701,wum,cm,6.38,74.28,37.0,3.69,32.0,2017-12-11
703,altea,es,38.6,46.4,65.0,4.7,0.0,2017-12-11
705,klembivka,ua,48.39,36.84,86.0,10.4,36.0,2017-12-11
708,kedrovyy,ru,56.17,12.2,92.0,1.45,90.0,2017-12-11
710,bogorodsk,ru,56.1,33.8,93.0,8.95,90.0,2017-12-11
717,sembe,cg,1.65,71.85,96.0,2.57,32.0,2017-12-11
718,nadym,ru,65.53,4.93,79.0,8.5,80.0,2017-12-11
721,proletarskiy,ru,50.79,35.6,100.0,8.95,90.0,2017-12-11
722,teya,ru,60.38,2.64,74.0,2.68,68.0,2017-12-11
723,sigli,id,5.38,75.81,99.0,2.35,12.0,2017-12-11
724,aswan,eg,24.09,71.6,37.0,4.7,0.0,2017-12-11
725,mangan,in,27.52,14.65,64.0,1.01,0.0,2017-12-11
726,sarkand,kz,45.41,9.61,72.0,2.57,8.0,2017-12-11
728,leshukonskoye,ru,64.9,24.87,79.0,7.61,88.0,2017-12-11
733,mut,tr,36.64,28.33,70.0,2.35,20.0,2017-12-11
736,ust-kut,ru,56.79,-37.33,71.0,2.35,12.0,2017-12-11
740,podgornoye,ru,51.73,35.6,80.0,8.95,40.0,2017-12-11
744,xinan,cn,26.72,44.31,91.0,7.05,80.0,2017-12-11
748,rybnaya sloboda,ru,55.46,24.8,92.0,13.42,90.0,2017-12-11
759,sauda,no,59.65,32.0,100.0,8.05,0.0,2017-12-11
760,bhadasar,in,28.28,57.76,99.0,5.26,92.0,2017-12-11
761,bombay,in,50.41,9.88,75.0,7.4,64.0,2017-12-11
764,kushiro,jp,42.98,28.29,94.0,7.27,8.0,2017-12-11
768,erzin,ru,50.26,-6.73,75.0,2.24,44.0,2017-12-11
771,changping,cn,40.22,19.4,28.0,6.71,0.0,2017-12-11
775,deputatskiy,ru,69.3,-39.76,82.0,2.68,20.0,2017-12-11
777,puri,in,19.8,71.6,94.0,2.24,0.0,2017-12-11
780,toyoshina,jp,36.3,27.75,62.0,6.15,80.0,2017-12-11
782,novobirilyussy,ru,56.95,9.48,83.0,3.36,88.0,2017-12-11
783,sparti,gr,37.07,46.4,87.0,1.68,20.0,2017-12-11
789,folldal,no,62.13,-9.7,45.0,2.13,12.0,2017-12-11
792,qianjiang,cn,34.67,47.37,100.0,32.77,0.0,2017-12-11
796,taman,ru,45.21,50.0,87.0,24.61,8.0,2017-12-11
797,mangrol,in,21.12,65.5,95.0,9.62,0.0,2017-12-11
798,anar darreh,af,69.41,-1.6,82.0,7.49,76.0,2017-12-11
799,buluang,ph,13.31,74.41,100.0,2.57,56.0,2017-12-11
801,pischia,ro,45.9,50.0,57.0,14.99,0.0,2017-12-11
804,huilong,cn,31.81,40.75,100.0,12.19,48.0,2017-12-11
805,sai buri,th,6.7,72.43,97.0,2.24,88.0,2017-12-11
806,debre tabor,et,11.85,46.78,33.0,3.8,0.0,2017-12-11
807,jabinyanah,tn,35.03,51.8,71.0,6.93,0.0,2017-12-11
808,great yarmouth,gb,52.61,39.2,80.0,10.29,40.0,2017-12-11
813,sabha,ly,27.04,43.86,76.0,6.38,0.0,2017-12-11
815,karacabey,tr,40.22,53.8,91.0,8.72,36.0,2017-12-11
816,gelgaudiskis,lt,55.08,35.94,94.0,12.64,36.0,2017-12-11
819,pingliang,cn,35.54,15.87,75.0,2.68,32.0,2017-12-11
823,katghora,in,22.5,51.28,79.0,2.68,0.0,2017-12-11
825,adilcevaz,tr,38.8,26.6,73.0,4.7,20.0,2017-12-11
828,jalu,ly,27.72,50.0,93.0,2.24,20.0,2017-12-11
829,talant,fr,47.34,46.4,65.0,18.34,90.0,2017-12-11
833,batticaloa,lk,7.71,75.63,100.0,3.47,88.0,2017-12-11
839,malaryta,by,51.79,45.12,95.0,18.23,92.0,2017-12-11
840,chegdomyn,ru,51.12,-14.56,61.0,3.47,56.0,2017-12-11
841,furstenfeld,at,47.05,42.8,93.0,3.36,75.0,2017-12-11
844,alugan,ph,12.22,77.2,100.0,3.91,88.0,2017-12-11
845,aleksandrov,ru,56.4,28.06,95.0,4.92,92.0,2017-12-11
848,bintulu,my,3.17,77.0,100.0,2.24,90.0,2017-12-11
850,huaicheng,cn,23.91,49.44,75.0,2.57,76.0,2017-12-11
855,sorong,id,-0.88,82.47,100.0,11.63,56.0,2017-12-11
857,sangar,ru,63.92,-46.64,0.0,1.68,0.0,2017-12-11
858,xinxiang,cn,35.31,25.77,49.0,8.72,80.0,2017-12-11
859,san roque,ph,15.01,77.0,83.0,9.17,75.0,2017-12-11
861,chumikan,ru,54.72,-7.67,62.0,11.07,80.0,2017-12-11
862,genhe,cn,50.78,-26.08,36.0,6.38,0.0,2017-12-11
863,svetlogorsk,ru,54.94,37.4,93.0,8.95,40.0,2017-12-11
864,pandavapura,in,12.5,63.88,88.0,2.35,8.0,2017-12-11
865,sheregesh,ru,52.92,6.73,74.0,2.24,76.0,2017-12-11
868,umm kaddadah,sd,13.6,61.63,58.0,2.91,0.0,2017-12-11
869,wasserbillig,lu,49.71,46.4,86.0,20.8,75.0,2017-12-11
874,porto torres,it,40.84,64.4,59.0,27.51,0.0,2017-12-11
875,glowno,pl,51.96,42.8,81.0,6.93,0.0,2017-12-11
877,najran,sa,17.49,50.0,18.0,1.23,0.0,2017-12-11
882,cuddapah,in,14.47,63.7,87.0,3.36,0.0,2017-12-11
884,porkhov,ru,57.77,26.6,92.0,6.71,80.0,2017-12-11
886,klyuchi,ru,52.27,15.42,91.0,5.7,68.0,2017-12-11
888,dehloran,ir,32.69,34.9,76.0,3.58,0.0,2017-12-11
891,safwah,sa,-2.67,82.83,100.0,10.18,20.0,2017-12-11
892,sarakhs,ir,36.54,32.0,81.0,2.24,0.0,2017-12-11
895,vestbygda,no,53.3,4.21,62.0,2.91,36.0,2017-12-11
897,miri,my,4.41,77.0,94.0,1.12,75.0,2017-12-11
898,tupik,ru,54.43,-32.47,52.0,2.46,0.0,2017-12-11
902,avallon,fr,47.48,36.57,94.0,22.26,76.0,2017-12-11
904,arkadak,ru,51.93,28.33,92.0,11.18,88.0,2017-12-11
909,moron,mn,47.38,-25.81,35.0,2.91,12.0,2017-12-11
910,vanavara,ru,60.34,-17.12,73.0,5.37,64.0,2017-12-11
911,novoilinsk,ru,52.42,-2.09,71.0,8.16,88.0,2017-12-11
915,vilyuysk,ru,63.76,-34.04,63.0,3.02,36.0,2017-12-11
917,okhotsk,ru,59.38,8.58,100.0,9.62,88.0,2017-12-11
921,heyang,cn,29.97,45.39,80.0,2.68,36.0,2017-12-11
922,kamaishi,jp,39.27,32.34,100.0,7.49,64.0,2017-12-11
923,suruc,tr,36.98,41.0,60.0,6.93,0.0,2017-12-11
924,ulaangom,mn,49.98,-10.15,57.0,1.68,68.0,2017-12-11
925,damara,cf,4.96,78.8,74.0,5.7,0.0,2017-12-11
927,niamey,ne,13.51,77.0,17.0,3.36,0.0,2017-12-11
931,shimanovsk,ru,52.0,-6.37,57.0,7.05,20.0,2017-12-11
934,caska,mk,41.65,26.6,92.0,2.24,0.0,2017-12-11
935,bukachacha,ru,52.98,-35.98,64.0,2.46,0.0,2017-12-11
938,verkhnevilyuysk,ru,63.45,-30.13,50.0,4.47,48.0,2017-12-11
940,gurun,my,5.82,78.8,83.0,3.36,75.0,2017-12-11
941,along,in,28.17,54.16,79.0,2.13,0.0,2017-12-11
944,cortes,ph,9.28,73.29,100.0,2.68,88.0,2017-12-11
945,ouallam,ne,14.32,60.96,35.0,5.82,8.0,2017-12-11
946,kamenka,ru,51.32,28.96,90.0,10.18,92.0,2017-12-11
948,tokur,ru,53.13,-30.49,46.0,2.35,24.0,2017-12-11
953,zakamensk,ru,50.37,-9.92,74.0,2.24,64.0,2017-12-11
954,yunhe,cn,34.08,34.32,75.0,11.52,80.0,2017-12-11
956,aksu,kz,42.42,10.4,92.0,4.47,12.0,2017-12-11
957,mashhad,ir,36.3,35.6,55.0,4.7,0.0,2017-12-11
959,sergeyevka,kz,53.88,11.73,82.0,5.14,76.0,2017-12-11
960,quzhou,cn,28.96,23.65,67.0,4.03,0.0,2017-12-11
961,itzehoe,de,53.92,33.8,99.0,13.87,75.0,2017-12-11
962,kshenskiy,ru,51.84,32.79,94.0,10.18,92.0,2017-12-11
964,ayorou,ne,14.73,60.69,25.0,8.72,20.0,2017-12-11
966,atasu,kz,48.68,9.61,87.0,3.36,68.0,2017-12-11
970,dera ghazi khan,pk,30.06,48.58,95.0,3.36,0.0,2017-12-11
973,sinjah,sd,48.63,28.33,100.0,22.7,92.0,2017-12-11
975,yumen,cn,40.28,15.87,66.0,6.26,76.0,2017-12-11
980,ahmadpur east,pk,29.14,48.72,94.0,5.14,8.0,2017-12-11
982,sommerda,de,51.15,44.6,75.0,13.87,0.0,2017-12-11
984,lhokseumawe,id,5.18,81.48,100.0,3.47,68.0,2017-12-11
986,oschersleben,de,52.03,35.6,100.0,5.82,0.0,2017-12-11
988,kalat,pk,29.02,18.12,67.0,4.92,0.0,2017-12-11
991,dalneye konstantinovo,ru,8.13,80.6,88.0,3.36,40.0,2017-12-11
995,rovinj,hr,45.08,62.6,77.0,12.75,20.0,2017-12-11
996,serov,ru,59.6,6.87,79.0,2.35,56.0,2017-12-11
998,zhanaozen,kz,43.3,19.74,81.0,3.13,8.0,2017-12-11
999,zhoukou,cn,33.63,30.72,54.0,9.73,68.0,2017-12-11
